departamento,capital,latitud,longitud,lluvia_total_mm,dias_lluvia_fuerte
Loreto,Iquitos,-3.74814,-73.2529,1361.8,19
Junín,Huancayo,-12.06866,-75.21027,1276.9,11
Madre de Dios,Puerto Maldonado,-12.58946,-69.19948,1149.5,15
Áncash,Huaraz,-9.52614,-77.52869,1058.3,3
Ucayali,Pucallpa,-8.37915,-74.55387,887.4,9
Pasco,Cerro de Pasco,-10.66577,-76.25309,839.3,1
Huancavelica,Huancavelica,-12.78691,-74.97298,819.2,1
Puno,Puno,-15.84003,-70.02198,728.6,1
San Martín,Moyobamba,-6.03441,-76.97423,681.7,3
Cajamarca,Cajamarca,-7.16378,-78.50027,671.2,0
Apurímac,Abancay,-13.63426,-72.8838,670.6,2
Cusco,Cusco,-13.53188,-71.96701,601.0,0
Tumbes,Tumbes,-3.55592,-80.44258,497.0,3
Ayacucho,Ayacucho,-13.1638,-74.22345,467.5,1
Amazonas,Chachapoyas,-6.23169,-77.86903,455.0,0
Huánuco,Huánuco,-9.92882,-76.23989,416.7,3
Arequipa,Arequipa,-16.39899,-71.53747,235.3,1
Piura,Piura,-5.18192,-80.65715,139.4,2
Tacna,Tacna,-18.01465,-70.25362,46.1,0
Moquegua,Moquegua,-17.19747,-70.93587,29.1,0
La Libertad,Trujillo,-8.11599,-79.02998,26.3,0
Lambayeque,Chiclayo,-6.77008,-79.85495,25.6,0
Ica,Ica,-14.07538,-75.73422,19.3,0
Lima,Lima,-12.04318,-77.02824,17.3,0
Callao,Callao,-12.05162,-77.13452,17.3,0
